index,lang_id
1,xho
2,nbl
3,ssw
4,ssw
5,ssw
6,nso
7,nbl
8,xho
9,zul
10,ssw
11,zul
12,xho
13,ssw
14,sot
15,tso
16,xho
17,ssw
18,ssw
19,afr
20,ssw
21,ssw
22,ssw
23,zul
24,ssw
25,nbl
26,zul
27,xho
28,afr
29,nso
30,tso
31,xho
32,xho
33,sot
34,nso
35,ssw
36,afr
37,nso
38,xho
39,sot
40,eng
41,nbl
42,xho
43,xho
44,nbl
45,ssw
46,ssw
47,zul
48,ven
49,nbl
50,nbl
51,sot
52,ssw
53,sot
54,sot
55,ssw
56,ven
57,nbl
58,xho
59,ssw
60,sot
61,afr
62,tso
63,afr
64,xho
65,xho
66,ssw
67,sot
68,nso
69,nbl
70,ssw
71,xho
72,tso
73,ssw
74,nso
75,ssw
76,ssw
77,xho
78,tso
79,xho
80,xho
81,ssw
82,nbl
83,nbl
84,nbl
85,xho
86,nso
87,sot
88,xho
89,tso
90,ssw
91,ssw
92,xho
93,zul
94,sot
95,nbl
96,nso
97,ssw
98,ssw
99,ven
100,nbl
101,ssw
102,tso
103,nso
104,ssw
105,ven
106,ven
107,nbl
108,nso
109,sot
110,sot
111,xho
112,nbl
113,xho
114,ssw
115,zul
116,sot
117,afr
118,ssw
119,ssw
120,zul
121,sot
122,eng
123,nbl
124,tso
125,nso
126,afr
127,xho
128,ssw
129,ssw
130,ssw
131,tso
132,ssw
133,zul
134,sot
135,nbl
136,ssw
137,zul
138,sot
139,zul
140,afr
141,sot
142,xho
143,nbl
144,nso
145,nbl
146,ssw
147,nbl
148,sot
149,xho
150,xho
151,nso
152,xho
153,ssw
154,xho
155,xho
156,ssw
157,ssw
158,ssw
159,eng
160,sot
161,zul
162,tso
163,nbl
164,xho
165,ssw
166,sot
167,ssw
168,zul
169,zul
170,nbl
171,nbl
172,xho
173,zul
174,afr
175,ssw
176,nso
177,afr
178,nbl
179,tso
180,xho
181,xho
182,nso
183,ssw
184,ssw
185,sot
186,sot
187,zul
188,xho
189,zul
190,nbl
191,nbl
192,tso
193,sot
194,ssw
195,zul
196,ssw
197,sot
198,nbl
199,zul
200,nbl
201,nbl
202,xho
203,nbl
204,nbl
205,nbl
206,xho
207,nbl
208,ven
209,tsn
210,nbl
211,zul
212,tso
213,afr
214,nbl
215,ven
216,afr
217,ssw
218,nbl
219,afr
220,eng
221,ssw
222,ven
223,afr
224,eng
225,ssw
226,ssw
227,xho
228,eng
229,zul
230,nso
231,ssw
232,ven
233,ven
234,sot
235,xho
236,xho
237,sot
238,tso
239,sot
240,nso
241,zul
242,xho
243,nbl
244,nbl
245,zul
246,nbl
247,ssw
248,nso
249,nbl
250,ssw
251,ssw
252,sot
253,sot
254,afr
255,nbl
256,zul
257,nso
258,nbl
259,nbl
260,ssw
261,zul
262,ssw
263,nbl
264,sot
265,nbl
266,xho
267,xho
268,ssw
269,xho
270,afr
271,nso
272,afr
273,ssw
274,nso
275,ssw
276,sot
277,xho
278,ssw
279,sot
280,nbl
281,xho
282,nso
283,zul
284,nbl
285,eng
286,ssw
287,nbl
288,zul
289,xho
290,sot
291,nso
292,nso
293,tso
294,nbl
295,xho
296,xho
297,nbl
298,xho
299,zul
300,sot
301,zul
302,afr
303,nbl
304,ssw
305,zul
306,eng
307,nso
308,sot
309,ven
310,xho
311,ssw
312,zul
313,ssw
314,xho
315,nbl
316,nbl
317,afr
318,nbl
319,ssw
320,zul
321,zul
322,xho
323,sot
324,nso
325,xho
326,afr
327,xho
328,ssw
329,ven
330,afr
331,nbl
332,zul
333,xho
334,ssw
335,sot
336,afr
337,afr
338,ssw
339,tso
340,sot
341,nso
342,ssw
343,xho
344,ven
345,ssw
346,zul
347,ssw
348,xho
349,nbl
350,xho
351,ssw
352,afr
353,nso
354,nso
355,nbl
356,zul
357,xho
358,nso
359,nbl
360,zul
361,afr
362,ssw
363,ssw
364,tso
365,tso
366,ssw
367,zul
368,xho
369,xho
370,afr
371,xho
372,afr
373,xho
374,xho
375,ssw
376,nbl
377,nso
378,zul
379,nso
380,nso
381,xho
382,nbl
383,xho
384,nbl
385,ssw
386,ssw
387,xho
388,sot
389,zul
390,sot
391,ssw
392,afr
393,ssw
394,nso
395,nbl
396,nso
397,xho
398,sot
399,afr
400,zul
401,sot
402,ssw
403,nso
404,tsn
405,eng
406,nso
407,eng
408,nbl
409,nbl
410,ssw
411,ssw
412,ssw
413,zul
414,nso
415,xho
416,nbl
417,xho
418,ssw
419,tso
420,tso
421,xho
422,ven
423,ssw
424,xho
425,xho
426,xho
427,sot
428,nbl
429,nbl
430,zul
431,nso
432,xho
433,nbl
434,xho
435,xho
436,ssw
437,ssw
438,ssw
439,ssw
440,xho
441,nso
442,xho
443,sot
444,nbl
445,ssw
446,nbl
447,tso
448,zul
449,zul
450,nbl
451,ssw
452,nbl
453,ven
454,eng
455,nbl
456,ven
457,nbl
458,nbl
459,sot
460,ssw
461,nbl
462,ssw
463,nbl
464,sot
465,ven
466,xho
467,ssw
468,nbl
469,zul
470,nbl
471,ssw
472,xho
473,ssw
474,afr
475,nso
476,nbl
477,xho
478,tsn
479,sot
480,xho
481,zul
482,xho
483,afr
484,zul
485,xho
486,ssw
487,eng
488,ven
489,nso
490,nso
491,nso
492,nbl
493,xho
494,ven
495,nso
496,xho
497,xho
498,xho
499,zul
500,ven
501,nbl
502,zul
503,nbl
504,xho
505,zul
506,ssw
507,xho
508,sot
509,afr
510,xho
511,afr
512,nbl
513,eng
514,ssw
515,ssw
516,xho
517,eng
518,nbl
519,tso
520,ven
521,xho
522,xho
523,nbl
524,nbl
525,xho
526,ssw
527,nbl
528,ssw
529,sot
530,nbl
531,nso
532,xho
533,zul
534,ssw
535,ssw
536,tso
537,nbl
538,ssw
539,ven
540,ssw
541,zul
542,zul
543,ssw
544,ssw
545,ssw
546,tso
547,xho
548,eng
549,nbl
550,ssw
551,nbl
552,eng
553,zul
554,ssw
555,ven
556,ssw
557,nbl
558,ssw
559,xho
560,nbl
561,xho
562,xho
563,afr
564,zul
565,xho
566,xho
567,ssw
568,ssw
569,ssw
570,xho
571,ssw
572,ssw
573,sot
574,xho
575,nbl
576,ssw
577,nbl
578,nbl
579,afr
580,xho
581,xho
582,sot
583,xho
584,ssw
585,afr
586,ven
587,eng
588,eng
589,afr
590,ssw
591,xho
592,sot
593,ssw
594,afr
595,nbl
596,ssw
597,ssw
598,ven
599,ven
600,xho
601,xho
602,afr
603,nso
604,nso
605,ssw
606,ssw
607,nbl
608,afr
609,xho
610,ven
611,ssw
612,sot
613,ssw
614,ssw
615,afr
616,ssw
617,nbl
618,ssw
619,nbl
620,tso
621,tso
622,nbl
623,xho
624,ssw
625,tsn
626,zul
627,xho
628,nbl
629,ven
630,xho
631,ssw
632,nbl
633,ssw
634,sot
635,afr
636,xho
637,nbl
638,ssw
639,sot
640,nbl
641,ssw
642,tso
643,tsn
644,tso
645,ssw
646,afr
647,ssw
648,xho
649,tso
650,sot
651,nbl
652,xho
653,ssw
654,nso
655,ven
656,afr
657,sot
658,sot
659,sot
660,ssw
661,xho
662,ssw
663,nbl
664,tso
665,ven
666,nbl
667,sot
668,xho
669,sot
670,zul
671,nso
672,afr
673,xho
674,nbl
675,xho
676,nbl
677,afr
678,afr
679,nbl
680,nso
681,xho
682,xho
683,ssw
684,xho
685,sot
686,nbl
687,nbl
688,xho
689,xho
690,xho
691,eng
692,afr
693,tsn
694,xho
695,xho
696,zul
697,tso
698,nso
699,nbl
700,xho
701,sot
702,tso
703,xho
704,ssw
705,sot
706,ssw
707,xho
708,nso
709,xho
710,nso
711,sot
712,nbl
713,zul
714,tso
715,ssw
716,sot
717,ssw
718,tso
719,ssw
720,eng
721,xho
722,xho
723,nbl
724,nbl
725,nbl
726,ssw
727,zul
728,nbl
729,sot
730,ssw
731,xho
732,sot
733,sot
734,xho
735,eng
736,afr
737,ssw
738,eng
739,afr
740,zul
741,ssw
742,sot
743,xho
744,nbl
745,eng
746,ssw
747,ssw
748,tso
749,zul
750,zul
751,ssw
752,afr
753,ssw
754,ssw
755,eng
756,tsn
757,nbl
758,tso
759,tso
760,ssw
761,afr
762,ssw
763,nso
764,xho
765,xho
766,nso
767,nso
768,nso
769,tsn
770,zul
771,eng
772,nbl
773,ssw
774,afr
775,eng
776,nbl
777,nbl
778,ssw
779,afr
780,nbl
781,ssw
782,zul
783,xho
784,nso
785,sot
786,afr
787,xho
788,nbl
789,nso
790,tso
791,zul
792,nbl
793,xho
794,tso
795,eng
796,zul
797,nbl
798,zul
799,xho
800,ssw
801,ssw
802,xho
803,tsn
804,nso
805,xho
806,tso
807,ssw
808,xho
809,ssw
810,xho
811,eng
812,nso
813,zul
814,xho
815,nbl
816,tsn
817,xho
818,nbl
819,afr
820,nbl
821,afr
822,xho
823,nso
824,ssw
825,nbl
826,sot
827,ssw
828,nso
829,xho
830,xho
831,nbl
832,ssw
833,ssw
834,ssw
835,eng
836,nbl
837,zul
838,afr
839,nbl
840,nso
841,ssw
842,ven
843,ssw
844,ssw
845,nbl
846,ssw
847,zul
848,nbl
849,sot
850,nbl
851,nbl
852,zul
853,zul
854,nbl
855,ssw
856,sot
857,afr
858,nbl
859,xho
860,afr
861,nbl
862,xho
863,ssw
864,ssw
865,xho
866,ssw
867,ssw
868,afr
869,nso
870,ven
871,xho
872,nbl
873,ssw
874,ssw
875,nso
876,sot
877,ssw
878,xho
879,xho
880,ssw
881,nbl
882,xho
883,ven
884,nbl
885,xho
886,zul
887,ssw
888,nso
889,nbl
890,ssw
891,sot
892,ssw
893,tso
894,ssw
895,ssw
896,sot
897,ven
898,zul
899,eng
900,xho
901,nbl
902,xho
903,nbl
904,ssw
905,sot
906,xho
907,xho
908,xho
909,ssw
910,ven
911,nbl
912,xho
913,xho
914,nso
915,nso
916,nbl
917,ven
918,xho
919,tsn
920,ssw
921,tsn
922,xho
923,ssw
924,afr
925,sot
926,ven
927,sot
928,xho
929,afr
930,xho
931,zul
932,tso
933,xho
934,nbl
935,ssw
936,xho
937,nbl
938,nbl
939,xho
940,tso
941,xho
942,ssw
943,tso
944,ssw
945,nso
946,afr
947,ven
948,nso
949,nbl
950,ssw
951,ssw
952,zul
953,sot
954,zul
955,eng
956,sot
957,xho
958,ssw
959,ven
960,ssw
961,nso
962,tso
963,xho
964,tso
965,afr
966,tsn
967,afr
968,tso
969,zul
970,xho
971,ssw
972,xho
973,tsn
974,zul
975,sot
976,nbl
977,tsn
978,ssw
979,nbl
980,zul
981,ssw
982,xho
983,afr
984,ssw
985,ssw
986,ssw
987,ven
988,ssw
989,afr
990,zul
991,nbl
992,xho
993,ssw
994,xho
995,afr
996,ssw
997,nso
998,afr
999,ssw
1000,ssw
1001,xho
1002,ssw
1003,xho
1004,sot
1005,afr
1006,xho
1007,sot
1008,zul
1009,zul
1010,xho
1011,xho
1012,nbl
1013,ssw
1014,xho
1015,nbl
1016,ssw
1017,sot
1018,afr
1019,xho
1020,ssw
1021,xho
1022,nbl
1023,ssw
1024,tso
1025,nbl
1026,afr
1027,sot
1028,ssw
1029,ssw
1030,xho
1031,xho
1032,sot
1033,nbl
1034,tso
1035,nbl
1036,nso
1037,xho
1038,nso
1039,nso
1040,afr
1041,tso
1042,xho
1043,zul
1044,nso
1045,tso
1046,afr
1047,xho
1048,xho
1049,sot
1050,ssw
1051,zul
1052,nso
1053,nso
1054,ssw
1055,nso
1056,eng
1057,sot
1058,sot
1059,nbl
1060,ssw
1061,eng
1062,xho
1063,xho
1064,tsn
1065,nbl
1066,xho
1067,zul
1068,xho
1069,nbl
1070,xho
1071,zul
1072,sot
1073,tso
1074,eng
1075,ssw
1076,sot
1077,nbl
1078,nbl
1079,zul
1080,sot
1081,zul
1082,ssw
1083,xho
1084,nbl
1085,zul
1086,sot
1087,nbl
1088,xho
1089,nso
1090,ssw
1091,tso
1092,nbl
1093,xho
1094,tso
1095,zul
1096,zul
1097,zul
1098,ssw
1099,xho
1100,xho
1101,xho
1102,zul
1103,ssw
1104,sot
1105,nso
1106,xho
1107,nbl
1108,nso
1109,ssw
1110,ssw
1111,xho
1112,nbl
1113,nbl
1114,tso
1115,afr
1116,afr
1117,afr
1118,nbl
1119,nbl
1120,ven
1121,nso
1122,xho
1123,nso
1124,nbl
1125,ssw
1126,ssw
1127,ssw
1128,tso
1129,afr
1130,tso
1131,sot
1132,nbl
1133,xho
1134,nbl
1135,xho
1136,ssw
1137,zul
1138,zul
1139,ssw
1140,eng
1141,tso
1142,afr
1143,zul
1144,nbl
1145,ssw
1146,nbl
1147,ven
1148,xho
1149,nso
1150,zul
1151,xho
1152,ssw
1153,nso
1154,nbl
1155,xho
1156,nbl
1157,sot
1158,nso
1159,ssw
1160,xho
1161,sot
1162,ssw
1163,ssw
1164,tso
1165,eng
1166,ssw
1167,xho
1168,ssw
1169,xho
1170,xho
1171,ssw
1172,zul
1173,nbl
1174,nbl
1175,eng
1176,ssw
1177,nso
1178,nbl
1179,eng
1180,zul
1181,ssw
1182,nso
1183,nso
1184,nso
1185,ssw
1186,afr
1187,ssw
1188,ssw
1189,nso
1190,nso
1191,nso
1192,ven
1193,eng
1194,xho
1195,nbl
1196,xho
1197,zul
1198,sot
1199,zul
1200,nbl
1201,tso
1202,ssw
1203,nso
1204,xho
1205,nbl
1206,afr
1207,nbl
1208,zul
1209,nso
1210,xho
1211,xho
1212,nso
1213,xho
1214,xho
1215,eng
1216,ssw
1217,afr
1218,ssw
1219,ssw
1220,afr
1221,tso
1222,nso
1223,afr
1224,zul
1225,ssw
1226,zul
1227,ssw
1228,nbl
1229,eng
1230,nbl
1231,ssw
1232,xho
1233,zul
1234,sot
1235,sot
1236,ven
1237,xho
1238,nbl
1239,nbl
1240,sot
1241,xho
1242,ssw
1243,xho
1244,xho
1245,ssw
1246,sot
1247,eng
1248,sot
1249,ssw
1250,nso
1251,ssw
1252,zul
1253,nso
1254,ssw
1255,nso
1256,ven
1257,nso
1258,sot
1259,ssw
1260,xho
1261,xho
1262,ssw
1263,ssw
1264,nbl
1265,afr
1266,nbl
1267,tso
1268,nso
1269,nbl
1270,ssw
1271,nbl
1272,ssw
1273,xho
1274,nbl
1275,ssw
1276,nbl
1277,xho
1278,xho
1279,eng
1280,tso
1281,xho
1282,eng
1283,nbl
1284,ssw
1285,xho
1286,ssw
1287,nso
1288,zul
1289,sot
1290,xho
1291,afr
1292,xho
1293,nbl
1294,ven
1295,afr
1296,zul
1297,xho
1298,sot
1299,ssw
1300,nso
1301,zul
1302,ssw
1303,ssw
1304,xho
1305,sot
1306,nbl
1307,afr
1308,ssw
1309,afr
1310,sot
1311,zul
1312,nbl
1313,nso
1314,zul
1315,tso
1316,nbl
1317,ssw
1318,nbl
1319,nso
1320,sot
1321,afr
1322,nbl
1323,zul
1324,ven
1325,sot
1326,afr
1327,ssw
1328,tso
1329,sot
1330,ssw
1331,ssw
1332,zul
1333,tso
1334,ssw
1335,nbl
1336,ssw
1337,ssw
1338,ssw
1339,afr
1340,nso
1341,nbl
1342,sot
1343,nso
1344,tsn
1345,xho
1346,zul
1347,ssw
1348,nbl
1349,tsn
1350,xho
1351,tso
1352,xho
1353,sot
1354,ssw
1355,ssw
1356,zul
1357,xho
1358,ssw
1359,zul
1360,xho
1361,xho
1362,xho
1363,ssw
1364,afr
1365,sot
1366,ven
1367,nso
1368,tsn
1369,xho
1370,xho
1371,eng
1372,ven
1373,xho
1374,xho
1375,ssw
1376,xho
1377,xho
1378,tsn
1379,sot
1380,zul
1381,xho
1382,ssw
1383,ven
1384,nbl
1385,nbl
1386,xho
1387,ven
1388,ven
1389,nbl
1390,afr
1391,ssw
1392,afr
1393,ssw
1394,tso
1395,tsn
1396,ssw
1397,xho
1398,ssw
1399,nbl
1400,ssw
1401,zul
1402,nso
1403,nbl
1404,afr
1405,nbl
1406,nso
1407,sot
1408,ssw
1409,tso
1410,xho
1411,zul
1412,nbl
1413,ssw
1414,sot
1415,afr
1416,tso
1417,nso
1418,nso
1419,zul
1420,nbl
1421,nbl
1422,xho
1423,afr
1424,xho
1425,ven
1426,ssw
1427,tsn
1428,ven
1429,nso
1430,zul
1431,afr
1432,zul
1433,tso
1434,nbl
1435,tso
1436,xho
1437,nbl
1438,zul
1439,zul
1440,tsn
1441,zul
1442,zul
1443,ssw
1444,nso
1445,xho
1446,afr
1447,ssw
1448,sot
1449,nbl
1450,ssw
1451,ven
1452,ssw
1453,ssw
1454,ssw
1455,nso
1456,ssw
1457,zul
1458,ven
1459,afr
1460,ssw
1461,xho
1462,xho
1463,zul
1464,ssw
1465,xho
1466,ssw
1467,afr
1468,ssw
1469,xho
1470,nbl
1471,nbl
1472,afr
1473,zul
1474,nbl
1475,zul
1476,sot
1477,tsn
1478,ven
1479,xho
1480,xho
1481,afr
1482,xho
1483,afr
1484,nbl
1485,ssw
1486,sot
1487,tso
1488,nbl
1489,afr
1490,ssw
1491,ssw
1492,ssw
1493,xho
1494,ssw
1495,ven
1496,xho
1497,sot
1498,afr
1499,ssw
1500,ven
1501,ssw
1502,ssw
1503,ssw
1504,ssw
1505,xho
1506,ven
1507,ssw
1508,nbl
1509,nbl
1510,tsn
1511,zul
1512,zul
1513,ssw
1514,nbl
1515,xho
1516,xho
1517,ssw
1518,tsn
1519,ssw
1520,sot
1521,ssw
1522,sot
1523,ssw
1524,eng
1525,tso
1526,sot
1527,zul
1528,nbl
1529,eng
1530,afr
1531,ssw
1532,ssw
1533,zul
1534,sot
1535,ven
1536,ssw
1537,nso
1538,afr
1539,tso
1540,xho
1541,xho
1542,nbl
1543,zul
1544,zul
1545,xho
1546,xho
1547,afr
1548,nbl
1549,xho
1550,ven
1551,sot
1552,eng
1553,ven
1554,sot
1555,ven
1556,nbl
1557,xho
1558,zul
1559,zul
1560,xho
1561,nbl
1562,xho
1563,ven
1564,nbl
1565,ven
1566,ssw
1567,tso
1568,ssw
1569,nso
1570,nbl
1571,nbl
1572,xho
1573,ssw
1574,nbl
1575,ven
1576,ssw
1577,xho
1578,xho
1579,ssw
1580,ssw
1581,eng
1582,nso
1583,ssw
1584,zul
1585,ssw
1586,xho
1587,ssw
1588,ssw
1589,zul
1590,sot
1591,ssw
1592,nso
1593,tsn
1594,xho
1595,ssw
1596,xho
1597,nbl
1598,zul
1599,nbl
1600,zul
1601,xho
1602,ssw
1603,zul
1604,xho
1605,xho
1606,ssw
1607,nbl
1608,zul
1609,ssw
1610,zul
1611,ssw
1612,zul
1613,tsn
1614,zul
1615,tsn
1616,sot
1617,tso
1618,zul
1619,zul
1620,nbl
1621,nso
1622,xho
1623,ssw
1624,xho
1625,zul
1626,nbl
1627,zul
1628,ssw
1629,afr
1630,xho
1631,eng
1632,ssw
1633,xho
1634,xho
1635,ssw
1636,zul
1637,ven
1638,zul
1639,sot
1640,afr
1641,nbl
1642,tso
1643,eng
1644,afr
1645,xho
1646,tso
1647,nso
1648,xho
1649,xho
1650,ssw
1651,tso
1652,nso
1653,xho
1654,nso
1655,ssw
1656,nbl
1657,tso
1658,afr
1659,xho
1660,xho
1661,tso
1662,afr
1663,ssw
1664,sot
1665,nbl
1666,xho
1667,afr
1668,xho
1669,nso
1670,sot
1671,afr
1672,xho
1673,ssw
1674,ssw
1675,xho
1676,zul
1677,afr
1678,nbl
1679,ssw
1680,xho
1681,tso
1682,sot
1683,afr
1684,nbl
1685,xho
1686,sot
1687,ven
1688,nbl
1689,afr
1690,zul
1691,afr
1692,zul
1693,ssw
1694,sot
1695,sot
1696,afr
1697,nbl
1698,nbl
1699,ssw
1700,nbl
1701,xho
1702,ven
1703,xho
1704,nbl
1705,nso
1706,zul
1707,sot
1708,zul
1709,xho
1710,afr
1711,ssw
1712,afr
1713,nbl
1714,nbl
1715,ssw
1716,xho
1717,zul
1718,nbl
1719,zul
1720,ssw
1721,xho
1722,xho
1723,tsn
1724,ven
1725,sot
1726,xho
1727,nso
1728,nbl
1729,ssw
1730,zul
1731,ven
1732,afr
1733,eng
1734,ssw
1735,ssw
1736,ssw
1737,zul
1738,xho
1739,ssw
1740,xho
1741,ssw
1742,xho
1743,nbl
1744,nbl
1745,sot
1746,xho
1747,sot
1748,ssw
1749,xho
1750,nso
1751,zul
1752,zul
1753,nbl
1754,afr
1755,xho
1756,xho
1757,ven
1758,tso
1759,afr
1760,nso
1761,ssw
1762,xho
1763,xho
1764,nbl
1765,ssw
1766,ssw
1767,afr
1768,nbl
1769,ssw
1770,zul
1771,ssw
1772,sot
1773,ven
1774,nbl
1775,xho
1776,tso
1777,ven
1778,tso
1779,nbl
1780,nbl
1781,tso
1782,ven
1783,nbl
1784,nso
1785,tso
1786,ssw
1787,nbl
1788,xho
1789,nbl
1790,xho
1791,xho
1792,ssw
1793,nbl
1794,nbl
1795,ssw
1796,xho
1797,ssw
1798,xho
1799,nbl
1800,eng
1801,zul
1802,nbl
1803,nso
1804,sot
1805,sot
1806,zul
1807,ven
1808,ssw
1809,nbl
1810,ven
1811,xho
1812,ssw
1813,xho
1814,xho
1815,sot
1816,tso
1817,zul
1818,nso
1819,ssw
1820,xho
1821,afr
1822,nbl
1823,afr
1824,xho
1825,xho
1826,ssw
1827,ssw
1828,ssw
1829,ssw
1830,xho
1831,tso
1832,tso
1833,sot
1834,nbl
1835,ssw
1836,ssw
1837,ssw
1838,ssw
1839,ssw
1840,nbl
1841,nbl
1842,nso
1843,nbl
1844,ssw
1845,zul
1846,xho
1847,ssw
1848,ssw
1849,ssw
1850,zul
1851,nso
1852,nbl
1853,nbl
1854,zul
1855,nbl
1856,afr
1857,nbl
1858,ssw
1859,nso
1860,ssw
1861,nbl
1862,nbl
1863,ssw
1864,ssw
1865,eng
1866,ven
1867,xho
1868,xho
1869,ssw
1870,zul
1871,ssw
1872,sot
1873,nbl
1874,xho
1875,tso
1876,ssw
1877,ven
1878,xho
1879,xho
1880,ssw
1881,sot
1882,zul
1883,nso
1884,ven
1885,ssw
1886,ssw
1887,sot
1888,nbl
1889,sot
1890,ven
1891,xho
1892,eng
1893,nbl
1894,nbl
1895,nbl
1896,nbl
1897,sot
1898,ssw
1899,nso
1900,sot
1901,xho
1902,ssw
1903,nbl
1904,tsn
1905,ssw
1906,xho
1907,ssw
1908,xho
1909,xho
1910,nbl
1911,nso
1912,nbl
1913,xho
1914,afr
1915,ssw
1916,xho
1917,xho
1918,nbl
1919,tso
1920,zul
1921,nbl
1922,nbl
1923,sot
1924,zul
1925,nbl
1926,sot
1927,ssw
1928,afr
1929,ven
1930,sot
1931,ssw
1932,sot
1933,ven
1934,xho
1935,nbl
1936,zul
1937,nbl
1938,xho
1939,nbl
1940,xho
1941,nbl
1942,zul
1943,nbl
1944,ssw
1945,nbl
1946,zul
1947,tsn
1948,xho
1949,xho
1950,nbl
1951,ssw
1952,nso
1953,nso
1954,ssw
1955,nbl
1956,ssw
1957,ssw
1958,xho
1959,xho
1960,xho
1961,ssw
1962,afr
1963,tso
1964,ssw
1965,zul
1966,xho
1967,nbl
1968,nbl
1969,ssw
1970,afr
1971,xho
1972,sot
1973,ssw
1974,ssw
1975,xho
1976,nso
1977,xho
1978,afr
1979,nbl
1980,zul
1981,nso
1982,nbl
1983,nso
1984,zul
1985,zul
1986,tso
1987,xho
1988,xho
1989,sot
1990,xho
1991,zul
1992,tso
1993,tso
1994,nso
1995,ven
1996,ven
1997,zul
1998,eng
1999,xho
2000,xho
2001,ven
2002,ssw
2003,nso
2004,xho
2005,ssw
2006,xho
2007,tso
2008,nbl
2009,sot
2010,nbl
2011,xho
2012,zul
2013,ssw
2014,ssw
2015,zul
2016,tsn
2017,nbl
2018,ssw
2019,xho
2020,zul
2021,nbl
2022,ssw
2023,tso
2024,nbl
2025,xho
2026,xho
2027,nso
2028,zul
2029,xho
2030,tso
2031,xho
2032,xho
2033,xho
2034,ssw
2035,ssw
2036,tso
2037,sot
2038,tso
2039,xho
2040,xho
2041,afr
2042,nso
2043,nso
2044,nbl
2045,nso
2046,tsn
2047,ssw
2048,tsn
2049,nbl
2050,nbl
2051,ssw
2052,eng
2053,xho
2054,ssw
2055,tsn
2056,afr
2057,xho
2058,nso
2059,nbl
2060,afr
2061,tso
2062,xho
2063,zul
2064,zul
2065,eng
2066,xho
2067,zul
2068,nbl
2069,xho
2070,xho
2071,xho
2072,ssw
2073,sot
2074,ssw
2075,zul
2076,eng
2077,afr
2078,ssw
2079,zul
2080,ssw
2081,afr
2082,sot
2083,ssw
2084,eng
2085,zul
2086,nbl
2087,sot
2088,nbl
2089,sot
2090,ssw
2091,nbl
2092,sot
2093,ven
2094,nbl
2095,zul
2096,zul
2097,xho
2098,ven
2099,tso
2100,sot
2101,nbl
2102,nbl
2103,eng
2104,tso
2105,ssw
2106,xho
2107,nbl
2108,xho
2109,tso
2110,xho
2111,nbl
2112,afr
2113,xho
2114,ssw
2115,nso
2116,nbl
2117,nso
2118,ssw
2119,zul
2120,xho
2121,sot
2122,nbl
2123,xho
2124,ssw
2125,sot
2126,afr
2127,afr
2128,tso
2129,nbl
2130,tso
2131,xho
2132,nso
2133,nso
2134,ssw
2135,sot
2136,ssw
2137,nbl
2138,xho
2139,sot
2140,xho
2141,nso
2142,sot
2143,ssw
2144,tso
2145,ssw
2146,xho
2147,sot
2148,ssw
2149,zul
2150,xho
2151,xho
2152,xho
2153,ven
2154,tsn
2155,zul
2156,ssw
2157,xho
2158,nbl
2159,nso
2160,zul
2161,afr
2162,nso
2163,zul
2164,xho
2165,xho
2166,xho
2167,ssw
2168,xho
2169,nbl
2170,nso
2171,ssw
2172,tso
2173,zul
2174,nso
2175,ven
2176,afr
2177,ven
2178,ven
2179,nbl
2180,zul
2181,xho
2182,xho
2183,tso
2184,nbl
2185,sot
2186,tsn
2187,ssw
2188,ssw
2189,nbl
2190,ssw
2191,ssw
2192,afr
2193,xho
2194,tso
2195,ssw
2196,nbl
2197,tso
2198,ssw
2199,afr
2200,ssw
2201,ssw
2202,xho
2203,xho
2204,sot
2205,nbl
2206,nso
2207,zul
2208,ssw
2209,nbl
2210,ssw
2211,xho
2212,ssw
2213,nbl
2214,nbl
2215,nso
2216,xho
2217,xho
2218,afr
2219,xho
2220,nbl
2221,nso
2222,zul
2223,nso
2224,nbl
2225,ssw
2226,sot
2227,ssw
2228,ssw
2229,nbl
2230,afr
2231,nbl
2232,ssw
2233,ssw
2234,nbl
2235,nbl
2236,afr
2237,zul
2238,zul
2239,ssw
2240,ssw
2241,ssw
2242,ven
2243,xho
2244,zul
2245,xho
2246,xho
2247,xho
2248,xho
2249,ssw
2250,ssw
2251,ssw
2252,ssw
2253,tsn
2254,eng
2255,zul
2256,nbl
2257,sot
2258,sot
2259,nbl
2260,zul
2261,ven
2262,ven
2263,nbl
2264,nbl
2265,afr
2266,tso
2267,sot
2268,nbl
2269,zul
2270,sot
2271,sot
2272,sot
2273,tsn
2274,xho
2275,nso
2276,xho
2277,sot
2278,afr
2279,nbl
2280,nbl
2281,ssw
2282,tso
2283,xho
2284,zul
2285,xho
2286,zul
2287,ssw
2288,eng
2289,nso
2290,ssw
2291,tso
2292,xho
2293,xho
2294,xho
2295,ssw
2296,xho
2297,ssw
2298,tsn
2299,sot
2300,ven
2301,sot
2302,afr
2303,ssw
2304,zul
2305,afr
2306,ssw
2307,xho
2308,xho
2309,nso
2310,zul
2311,zul
2312,sot
2313,ssw
2314,nbl
2315,nso
2316,afr
2317,xho
2318,xho
2319,sot
2320,xho
2321,sot
2322,sot
2323,xho
2324,tso
2325,ven
2326,ssw
2327,nso
2328,ssw
2329,ssw
2330,zul
2331,xho
2332,ssw
2333,zul
2334,nso
2335,xho
2336,ven
2337,xho
2338,nbl
2339,nso
2340,xho
2341,ssw
2342,ssw
2343,ssw
2344,xho
2345,nso
2346,sot
2347,ven
2348,zul
2349,nbl
2350,zul
2351,nbl
2352,xho
2353,afr
2354,zul
2355,ssw
2356,nso
2357,xho
2358,ven
2359,nbl
2360,xho
2361,xho
2362,nbl
2363,nbl
2364,xho
2365,ssw
2366,zul
2367,nso
2368,ssw
2369,afr
2370,zul
2371,nbl
2372,afr
2373,xho
2374,xho
2375,nbl
2376,nbl
2377,xho
2378,tso
2379,afr
2380,ssw
2381,ven
2382,zul
2383,xho
2384,afr
2385,nso
2386,tsn
2387,ssw
2388,ssw
2389,ssw
2390,xho
2391,zul
2392,xho
2393,xho
2394,ssw
2395,ssw
2396,sot
2397,xho
2398,afr
2399,xho
2400,sot
2401,nbl
2402,xho
2403,ven
2404,afr
2405,afr
2406,ssw
2407,ssw
2408,afr
2409,xho
2410,ssw
2411,afr
2412,afr
2413,sot
2414,tsn
2415,tsn
2416,xho
2417,ven
2418,nbl
2419,ssw
2420,nbl
2421,ven
2422,xho
2423,nbl
2424,nbl
2425,afr
2426,ssw
2427,afr
2428,sot
2429,ssw
2430,nso
2431,xho
2432,ssw
2433,nbl
2434,ssw
2435,nbl
2436,xho
2437,xho
2438,nbl
2439,ssw
2440,nbl
2441,xho
2442,ssw
2443,nbl
2444,nbl
2445,nbl
2446,xho
2447,xho
2448,xho
2449,nbl
2450,nbl
2451,ssw
2452,afr
2453,nbl
2454,eng
2455,xho
2456,sot
2457,xho
2458,nbl
2459,sot
2460,xho
2461,afr
2462,nso
2463,nso
2464,xho
2465,nbl
2466,nbl
2467,zul
2468,zul
2469,ssw
2470,nbl
2471,afr
2472,ssw
2473,ven
2474,ssw
2475,nbl
2476,xho
2477,ssw
2478,ssw
2479,ven
2480,nbl
2481,nbl
2482,nbl
2483,nbl
2484,tso
2485,nbl
2486,nbl
2487,xho
2488,ssw
2489,nbl
2490,ven
2491,xho
2492,xho
2493,sot
2494,zul
2495,nso
2496,ssw
2497,ssw
2498,nbl
2499,ven
2500,xho
2501,zul
2502,ssw
2503,afr
2504,zul
2505,nbl
2506,sot
2507,ssw
2508,afr
2509,nbl
2510,afr
2511,eng
2512,nbl
2513,nso
2514,ssw
2515,zul
2516,nbl
2517,xho
2518,nso
2519,xho
2520,zul
2521,sot
2522,afr
2523,zul
2524,sot
2525,xho
2526,sot
2527,zul
2528,tso
2529,ssw
2530,nbl
2531,eng
2532,afr
2533,nbl
2534,zul
2535,zul
2536,ssw
2537,nso
2538,afr
2539,tso
2540,xho
2541,afr
2542,ssw
2543,ssw
2544,ssw
2545,xho
2546,sot
2547,tso
2548,ven
2549,afr
2550,xho
2551,nso
2552,xho
2553,sot
2554,tso
2555,xho
2556,sot
2557,nbl
2558,ssw
2559,ven
2560,ssw
2561,tso
2562,xho
2563,sot
2564,afr
2565,xho
2566,tsn
2567,afr
2568,nbl
2569,nso
2570,ssw
2571,zul
2572,ven
2573,ven
2574,ssw
2575,ssw
2576,xho
2577,xho
2578,eng
2579,sot
2580,nso
2581,ven
2582,nso
2583,ssw
2584,zul
2585,tso
2586,nso
2587,sot
2588,zul
2589,ssw
2590,xho
2591,ven
2592,nbl
2593,nbl
2594,zul
2595,ssw
2596,nbl
2597,zul
2598,ssw
2599,nbl
2600,xho
2601,nso
2602,zul
2603,ven
2604,afr
2605,afr
2606,eng
2607,nbl
2608,ssw
2609,tso
2610,zul
2611,nbl
2612,eng
2613,afr
2614,ssw
2615,ssw
2616,xho
2617,zul
2618,zul
2619,xho
2620,xho
2621,zul
2622,xho
2623,nbl
2624,tso
2625,nso
2626,ssw
2627,ssw
2628,eng
2629,afr
2630,ssw
2631,xho
2632,nbl
2633,xho
2634,sot
2635,xho
2636,nbl
2637,ssw
2638,nbl
2639,sot
2640,eng
2641,afr
2642,afr
2643,nbl
2644,afr
2645,nso
2646,sot
2647,sot
2648,nso
2649,nbl
2650,nbl
2651,eng
2652,eng
2653,eng
2654,zul
2655,xho
2656,xho
2657,ssw
2658,xho
2659,eng
2660,nbl
2661,zul
2662,ven
2663,xho
2664,ssw
2665,xho
2666,nso
2667,sot
2668,zul
2669,ssw
2670,nso
2671,ven
2672,xho
2673,xho
2674,tsn
2675,ven
2676,ssw
2677,tso
2678,ssw
2679,zul
2680,eng
2681,afr
2682,xho
2683,sot
2684,zul
2685,ssw
2686,zul
2687,zul
2688,sot
2689,zul
2690,tsn
2691,tso
2692,xho
2693,xho
2694,ssw
2695,ven
2696,afr
2697,xho
2698,ssw
2699,nbl
2700,ssw
2701,nbl
2702,afr
2703,ssw
2704,zul
2705,tso
2706,nso
2707,sot
2708,tsn
2709,xho
2710,xho
2711,nbl
2712,nbl
2713,nbl
2714,nso
2715,ssw
2716,ssw
2717,ssw
2718,sot
2719,xho
2720,afr
2721,sot
2722,tso
2723,zul
2724,zul
2725,ssw
2726,afr
2727,ssw
2728,ssw
2729,ssw
2730,nbl
2731,nso
2732,sot
2733,ssw
2734,xho
2735,afr
2736,ssw
2737,sot
2738,zul
2739,ssw
2740,nbl
2741,ssw
2742,afr
2743,nso
2744,xho
2745,zul
2746,xho
2747,afr
2748,ssw
2749,xho
2750,nbl
2751,xho
2752,nso
2753,xho
2754,xho
2755,ven
2756,nbl
2757,ssw
2758,nso
2759,nbl
2760,tsn
2761,afr
2762,nso
2763,zul
2764,afr
2765,xho
2766,nso
2767,sot
2768,sot
2769,sot
2770,tso
2771,eng
2772,xho
2773,zul
2774,nbl
2775,afr
2776,ssw
2777,xho
2778,afr
2779,afr
2780,nbl
2781,xho
2782,afr
2783,nbl
2784,xho
2785,afr
2786,zul
2787,xho
2788,xho
2789,xho
2790,zul
2791,nso
2792,afr
2793,xho
2794,nbl
2795,tso
2796,nbl
2797,sot
2798,nso
2799,ven
2800,nso
2801,nbl
2802,ssw
2803,afr
2804,nbl
2805,nbl
2806,nbl
2807,xho
2808,ssw
2809,afr
2810,sot
2811,sot
2812,eng
2813,xho
2814,afr
2815,ssw
2816,xho
2817,ssw
2818,zul
2819,xho
2820,ssw
2821,afr
2822,nbl
2823,xho
2824,ssw
2825,nso
2826,zul
2827,nso
2828,ssw
2829,ssw
2830,nbl
2831,xho
2832,tsn
2833,xho
2834,tsn
2835,zul
2836,afr
2837,eng
2838,tso
2839,nso
2840,xho
2841,nbl
2842,xho
2843,ssw
2844,xho
2845,ssw
2846,afr
2847,nbl
2848,xho
2849,ssw
2850,ssw
2851,ssw
2852,xho
2853,ssw
2854,ven
2855,eng
2856,nbl
2857,xho
2858,xho
2859,nbl
2860,nbl
2861,ssw
2862,sot
2863,xho
2864,ssw
2865,xho
2866,xho
2867,ssw
2868,xho
2869,nbl
2870,ssw
2871,afr
2872,ven
2873,ssw
2874,ssw
2875,ssw
2876,ven
2877,xho
2878,nbl
2879,nbl
2880,ssw
2881,ven
2882,zul
2883,tso
2884,ssw
2885,sot
2886,xho
2887,zul
2888,zul
2889,xho
2890,tso
2891,nso
2892,nso
2893,ssw
2894,ssw
2895,ssw
2896,ssw
2897,nbl
2898,ssw
2899,xho
2900,xho
2901,nso
2902,nbl
2903,tso
2904,zul
2905,sot
2906,nso
2907,ssw
2908,xho
2909,afr
2910,ssw
2911,nso
2912,nso
2913,xho
2914,ssw
2915,ven
2916,ven
2917,ssw
2918,ssw
2919,xho
2920,ssw
2921,sot
2922,sot
2923,nbl
2924,sot
2925,xho
2926,afr
2927,nbl
2928,ssw
2929,ssw
2930,nbl
2931,xho
2932,afr
2933,xho
2934,ssw
2935,nso
2936,tsn
2937,sot
2938,tso
2939,nso
2940,afr
2941,nso
2942,xho
2943,ssw
2944,ven
2945,sot
2946,sot
2947,ssw
2948,nbl
2949,tso
2950,nbl
2951,ssw
2952,sot
2953,ssw
2954,ssw
2955,eng
2956,zul
2957,nbl
2958,nbl
2959,zul
2960,ssw
2961,eng
2962,afr
2963,ssw
2964,ssw
2965,xho
2966,ssw
2967,nso
2968,xho
2969,afr
2970,tso
2971,afr
2972,xho
2973,xho
2974,tso
2975,nso
2976,ssw
2977,ssw
2978,xho
2979,xho
2980,nso
2981,nso
2982,sot
2983,nbl
2984,tso
2985,ssw
2986,xho
2987,afr
2988,tso
2989,xho
2990,ven
2991,ssw
2992,ssw
2993,nbl
2994,zul
2995,ssw
2996,sot
2997,zul
2998,nbl
2999,xho
3000,ssw
3001,tso
3002,nbl
3003,ssw
3004,afr
3005,afr
3006,afr
3007,zul
3008,zul
3009,sot
3010,sot
3011,zul
3012,zul
3013,sot
3014,afr
3015,afr
3016,xho
3017,xho
3018,nbl
3019,zul
3020,sot
3021,eng
3022,sot
3023,xho
3024,nbl
3025,ssw
3026,ssw
3027,ssw
3028,ssw
3029,ven
3030,tso
3031,xho
3032,ssw
3033,ssw
3034,afr
3035,ssw
3036,sot
3037,nbl
3038,zul
3039,zul
3040,eng
3041,ssw
3042,nso
3043,xho
3044,xho
3045,nbl
3046,zul
3047,ssw
3048,xho
3049,ssw
3050,nso
3051,nbl
3052,xho
3053,ssw
3054,ven
3055,zul
3056,ssw
3057,nso
3058,ssw
3059,afr
3060,afr
3061,ssw
3062,xho
3063,ssw
3064,zul
3065,xho
3066,nso
3067,zul
3068,nso
3069,nbl
3070,nso
3071,zul
3072,afr
3073,afr
3074,zul
3075,xho
3076,xho
3077,ven
3078,ssw
3079,ssw
3080,ssw
3081,tsn
3082,zul
3083,eng
3084,tso
3085,nso
3086,nbl
3087,ssw
3088,ven
3089,zul
3090,eng
3091,nbl
3092,nso
3093,sot
3094,zul
3095,ssw
3096,ven
3097,xho
3098,xho
3099,xho
3100,ssw
3101,tsn
3102,zul
3103,eng
3104,sot
3105,nso
3106,ssw
3107,nso
3108,nbl
3109,xho
3110,nso
3111,xho
3112,xho
3113,ssw
3114,eng
3115,sot
3116,xho
3117,afr
3118,tso
3119,sot
3120,zul
3121,ssw
3122,nbl
3123,xho
3124,sot
3125,xho
3126,nbl
3127,sot
3128,nbl
3129,nbl
3130,ssw
3131,afr
3132,ven
3133,zul
3134,eng
3135,xho
3136,nso
3137,ssw
3138,zul
3139,ssw
3140,afr
3141,nso
3142,ssw
3143,xho
3144,ssw
3145,ssw
3146,xho
3147,tso
3148,ssw
3149,ssw
3150,ssw
3151,nso
3152,nbl
3153,nbl
3154,xho
3155,zul
3156,xho
3157,afr
3158,xho
3159,xho
3160,tso
3161,eng
3162,xho
3163,tso
3164,zul
3165,nbl
3166,xho
3167,xho
3168,afr
3169,tso
3170,tso
3171,zul
3172,afr
3173,sot
3174,sot
3175,nbl
3176,afr
3177,ven
3178,ven
3179,ssw
3180,ssw
3181,ssw
3182,ssw
3183,ssw
3184,xho
3185,nbl
3186,xho
3187,eng
3188,afr
3189,xho
3190,zul
3191,ssw
3192,tso
3193,ssw
3194,nso
3195,xho
3196,ssw
3197,xho
3198,sot
3199,nbl
3200,ssw
3201,xho
3202,nbl
3203,eng
3204,afr
3205,nso
3206,afr
3207,afr
3208,tso
3209,nbl
3210,nso
3211,xho
3212,xho
3213,ssw
3214,nbl
3215,xho
3216,ssw
3217,nbl
3218,zul
3219,ssw
3220,ssw
3221,xho
3222,tso
3223,ven
3224,xho
3225,tso
3226,ssw
3227,nbl
3228,nso
3229,xho
3230,nso
3231,afr
3232,zul
3233,nbl
3234,nbl
3235,ssw
3236,sot
3237,xho
3238,nbl
3239,xho
3240,ssw
3241,zul
3242,ssw
3243,tso
3244,zul
3245,nbl
3246,sot
3247,ssw
3248,tso
3249,ven
3250,nbl
3251,sot
3252,nbl
3253,nbl
3254,ssw
3255,xho
3256,ven
3257,zul
3258,xho
3259,ssw
3260,sot
3261,ven
3262,nbl
3263,xho
3264,tso
3265,ssw
3266,xho
3267,ssw
3268,ssw
3269,xho
3270,tso
3271,nbl
3272,xho
3273,xho
3274,afr
3275,zul
3276,tsn
3277,nbl
3278,xho
3279,nbl
3280,nbl
3281,zul
3282,xho
3283,nbl
3284,ssw
3285,nbl
3286,ssw
3287,nbl
3288,nbl
3289,zul
3290,xho
3291,zul
3292,xho
3293,nso
3294,xho
3295,afr
3296,xho
3297,xho
3298,nbl
3299,ssw
3300,sot
3301,afr
3302,nso
3303,xho
3304,afr
3305,ven
3306,eng
3307,xho
3308,ssw
3309,ven
3310,xho
3311,nso
3312,nso
3313,sot
3314,nso
3315,nbl
3316,sot
3317,nbl
3318,xho
3319,afr
3320,nbl
3321,nbl
3322,eng
3323,sot
3324,ssw
3325,afr
3326,sot
3327,nso
3328,nso
3329,xho
3330,afr
3331,ssw
3332,nbl
3333,zul
3334,zul
3335,zul
3336,xho
3337,ven
3338,nbl
3339,xho
3340,nso
3341,ssw
3342,tso
3343,ssw
3344,ssw
3345,nbl
3346,ven
3347,tso
3348,ssw
3349,nso
3350,tso
3351,sot
3352,xho
3353,ssw
3354,tso
3355,xho
3356,sot
3357,afr
3358,tso
3359,tsn
3360,nbl
3361,ssw
3362,xho
3363,ssw
3364,nbl
3365,ven
3366,zul
3367,zul
3368,nbl
3369,ssw
3370,zul
3371,zul
3372,nbl
3373,nbl
3374,nbl
3375,tso
3376,tso
3377,xho
3378,eng
3379,afr
3380,sot
3381,xho
3382,xho
3383,nbl
3384,xho
3385,nso
3386,ssw
3387,ssw
3388,afr
3389,tso
3390,sot
3391,zul
3392,ssw
3393,nso
3394,nbl
3395,xho
3396,ssw
3397,nbl
3398,zul
3399,nbl
3400,nbl
3401,nbl
3402,ven
3403,ssw
3404,xho
3405,zul
3406,ssw
3407,xho
3408,zul
3409,nbl
3410,nbl
3411,ssw
3412,eng
3413,eng
3414,xho
3415,xho
3416,xho
3417,nbl
3418,xho
3419,nso
3420,ven
3421,ssw
3422,ssw
3423,zul
3424,xho
3425,ssw
3426,nbl
3427,xho
3428,nbl
3429,xho
3430,afr
3431,ssw
3432,ssw
3433,zul
3434,ssw
3435,nso
3436,nbl
3437,nbl
3438,afr
3439,xho
3440,tso
3441,xho
3442,ssw
3443,ven
3444,ven
3445,tso
3446,ssw
3447,xho
3448,xho
3449,sot
3450,ssw
3451,ssw
3452,zul
3453,afr
3454,xho
3455,nbl
3456,xho
3457,xho
3458,xho
3459,ssw
3460,xho
3461,zul
3462,xho
3463,eng
3464,sot
3465,zul
3466,ven
3467,xho
3468,tso
3469,ssw
3470,sot
3471,xho
3472,nbl
3473,afr
3474,ssw
3475,nbl
3476,afr
3477,ssw
3478,nbl
3479,nbl
3480,nbl
3481,nso
3482,nbl
3483,tsn
3484,xho
3485,sot
3486,nbl
3487,ven
3488,ssw
3489,xho
3490,xho
3491,ssw
3492,nbl
3493,nbl
3494,xho
3495,nbl
3496,xho
3497,nso
3498,xho
3499,xho
3500,afr
3501,xho
3502,zul
3503,ssw
3504,xho
3505,ssw
3506,ven
3507,xho
3508,ven
3509,sot
3510,ven
3511,xho
3512,nbl
3513,zul
3514,nbl
3515,nso
3516,zul
3517,ssw
3518,nbl
3519,nbl
3520,tso
3521,ssw
3522,ven
3523,sot
3524,nbl
3525,nbl
3526,nbl
3527,nbl
3528,xho
3529,zul
3530,afr
3531,nbl
3532,xho
3533,zul
3534,xho
3535,ssw
3536,xho
3537,ssw
3538,zul
3539,ssw
3540,nbl
3541,xho
3542,ssw
3543,ssw
3544,xho
3545,tso
3546,ssw
3547,xho
3548,nbl
3549,nbl
3550,zul
3551,eng
3552,ssw
3553,xho
3554,nbl
3555,ssw
3556,xho
3557,zul
3558,ssw
3559,xho
3560,nbl
3561,nso
3562,afr
3563,xho
3564,nso
3565,nso
3566,nso
3567,afr
3568,tso
3569,sot
3570,ssw
3571,xho
3572,nso
3573,afr
3574,xho
3575,nso
3576,nbl
3577,ven
3578,afr
3579,ssw
3580,nbl
3581,eng
3582,nbl
3583,afr
3584,tso
3585,xho
3586,ssw
3587,zul
3588,xho
3589,xho
3590,ssw
3591,xho
3592,ssw
3593,xho
3594,xho
3595,tso
3596,xho
3597,tso
3598,nso
3599,afr
3600,xho
3601,nbl
3602,nbl
3603,ssw
3604,ssw
3605,tso
3606,afr
3607,ssw
3608,zul
3609,tsn
3610,nbl
3611,tso
3612,nbl
3613,sot
3614,afr
3615,xho
3616,nbl
3617,zul
3618,nbl
3619,ssw
3620,ssw
3621,eng
3622,ven
3623,nso
3624,nbl
3625,nbl
3626,nbl
3627,nso
3628,ssw
3629,nbl
3630,nbl
3631,afr
3632,sot
3633,afr
3634,eng
3635,tso
3636,eng
3637,ssw
3638,ssw
3639,sot
3640,xho
3641,sot
3642,zul
3643,zul
3644,xho
3645,afr
3646,ssw
3647,sot
3648,xho
3649,nbl
3650,eng
3651,tso
3652,nbl
3653,xho
3654,ssw
3655,ssw
3656,sot
3657,nso
3658,sot
3659,ssw
3660,xho
3661,zul
3662,sot
3663,zul
3664,nbl
3665,sot
3666,nso
3667,xho
3668,xho
3669,ssw
3670,tso
3671,nbl
3672,nbl
3673,zul
3674,xho
3675,nbl
3676,xho
3677,ssw
3678,zul
3679,xho
3680,ven
3681,nbl
3682,xho
3683,tsn
3684,ssw
3685,afr
3686,sot
3687,xho
3688,ven
3689,nbl
3690,sot
3691,nbl
3692,xho
3693,nbl
3694,xho
3695,sot
3696,sot
3697,ssw
3698,ssw
3699,xho
3700,nbl
3701,xho
3702,xho
3703,tso
3704,nso
3705,xho
3706,nbl
3707,xho
3708,tso
3709,afr
3710,sot
3711,ssw
3712,tso
3713,eng
3714,ssw
3715,zul
3716,nbl
3717,afr
3718,ven
3719,ssw
3720,nbl
3721,xho
3722,xho
3723,zul
3724,ssw
3725,ssw
3726,xho
3727,nso
3728,ssw
3729,xho
3730,sot
3731,ssw
3732,xho
3733,xho
3734,ssw
3735,ssw
3736,nbl
3737,ssw
3738,ssw
3739,ssw
3740,ssw
3741,nbl
3742,sot
3743,eng
3744,ssw
3745,xho
3746,zul
3747,nbl
3748,nso
3749,xho
3750,xho
3751,nbl
3752,afr
3753,nso
3754,tsn
3755,nbl
3756,ssw
3757,sot
3758,sot
3759,zul
3760,nso
3761,ssw
3762,nso
3763,ven
3764,nso
3765,nso
3766,ssw
3767,zul
3768,xho
3769,xho
3770,nso
3771,zul
3772,xho
3773,eng
3774,sot
3775,afr
3776,ssw
3777,ssw
3778,ssw
3779,xho
3780,nbl
3781,nbl
3782,sot
3783,sot
3784,tsn
3785,ssw
3786,xho
3787,zul
3788,xho
3789,zul
3790,ssw
3791,afr
3792,zul
3793,xho
3794,ssw
3795,afr
3796,nso
3797,nso
3798,ssw
3799,nbl
3800,ven
3801,xho
3802,xho
3803,xho
3804,ssw
3805,ssw
3806,ssw
3807,sot
3808,ssw
3809,zul
3810,ssw
3811,sot
3812,tsn
3813,zul
3814,nbl
3815,ssw
3816,nso
3817,ssw
3818,xho
3819,ssw
3820,nso
3821,zul
3822,ven
3823,eng
3824,nso
3825,xho
3826,xho
3827,nbl
3828,afr
3829,xho
3830,nbl
3831,ssw
3832,ssw
3833,nbl
3834,ssw
3835,zul
3836,ssw
3837,nbl
3838,xho
3839,eng
3840,ssw
3841,nso
3842,ssw
3843,ssw
3844,ven
3845,nbl
3846,ven
3847,ven
3848,sot
3849,ssw
3850,nbl
3851,xho
3852,nbl
3853,ssw
3854,zul
3855,nso
3856,xho
3857,nso
3858,afr
3859,sot
3860,tso
3861,zul
3862,ssw
3863,xho
3864,xho
3865,ssw
3866,nbl
3867,afr
3868,nso
3869,ven
3870,ssw
3871,nbl
3872,xho
3873,xho
3874,ssw
3875,ssw
3876,eng
3877,ssw
3878,nbl
3879,xho
3880,nbl
3881,nso
3882,nbl
3883,sot
3884,ssw
3885,sot
3886,ven
3887,xho
3888,ssw
3889,sot
3890,ssw
3891,zul
3892,nso
3893,zul
3894,zul
3895,tsn
3896,ssw
3897,zul
3898,tso
3899,eng
3900,ven
3901,afr
3902,tsn
3903,eng
3904,nbl
3905,sot
3906,nso
3907,nbl
3908,xho
3909,xho
3910,ssw
3911,zul
3912,xho
3913,nbl
3914,nbl
3915,afr
3916,sot
3917,nbl
3918,nso
3919,xho
3920,xho
3921,ssw
3922,ssw
3923,nbl
3924,ven
3925,nbl
3926,ssw
3927,xho
3928,nbl
3929,ssw
3930,ssw
3931,xho
3932,xho
3933,sot
3934,nso
3935,ssw
3936,xho
3937,xho
3938,tso
3939,afr
3940,ven
3941,zul
3942,ven
3943,zul
3944,tso
3945,ssw
3946,nso
3947,sot
3948,xho
3949,xho
3950,sot
3951,nso
3952,xho
3953,sot
3954,ssw
3955,xho
3956,xho
3957,ssw
3958,afr
3959,eng
3960,xho
3961,tso
3962,xho
3963,ven
3964,nso
3965,nbl
3966,xho
3967,sot
3968,xho
3969,zul
3970,nso
3971,nbl
3972,nbl
3973,nso
3974,sot
3975,ssw
3976,ssw
3977,tsn
3978,nso
3979,nbl
3980,nso
3981,xho
3982,ssw
3983,ssw
3984,tsn
3985,sot
3986,ssw
3987,xho
3988,ssw
3989,ssw
3990,eng
3991,nbl
3992,xho
3993,afr
3994,xho
3995,ssw
3996,xho
3997,nbl
3998,xho
3999,nso
4000,ssw
4001,ssw
4002,zul
4003,nbl
4004,nbl
4005,nbl
4006,nso
4007,ssw
4008,ssw
4009,nbl
4010,nso
4011,xho
4012,nbl
4013,ssw
4014,nbl
4015,tso
4016,nbl
4017,zul
4018,ssw
4019,nbl
4020,ssw
4021,nbl
4022,afr
4023,nbl
4024,tso
4025,ssw
4026,ssw
4027,ssw
4028,zul
4029,nbl
4030,nbl
4031,ssw
4032,xho
4033,afr
4034,afr
4035,nso
4036,nbl
4037,afr
4038,sot
4039,nbl
4040,sot
4041,ssw
4042,xho
4043,xho
4044,xho
4045,zul
4046,ven
4047,xho
4048,sot
4049,nbl
4050,xho
4051,zul
4052,ssw
4053,nbl
4054,ven
4055,nbl
4056,xho
4057,ssw
4058,ven
4059,ssw
4060,afr
4061,ven
4062,xho
4063,xho
4064,xho
4065,sot
4066,xho
4067,zul
4068,afr
4069,tso
4070,sot
4071,xho
4072,xho
4073,nso
4074,xho
4075,nso
4076,xho
4077,ven
4078,nbl
4079,afr
4080,sot
4081,xho
4082,afr
4083,sot
4084,nso
4085,ssw
4086,afr
4087,tso
4088,sot
4089,zul
4090,tso
4091,ssw
4092,nbl
4093,tsn
4094,ssw
4095,xho
4096,nbl
4097,zul
4098,ssw
4099,afr
4100,sot
4101,xho
4102,zul
4103,xho
4104,nbl
4105,zul
4106,zul
4107,zul
4108,afr
4109,xho
4110,zul
4111,xho
4112,xho
4113,nbl
4114,xho
4115,zul
4116,xho
4117,nso
4118,xho
4119,ven
4120,ven
4121,afr
4122,nso
4123,xho
4124,xho
4125,xho
4126,zul
4127,zul
4128,sot
4129,nbl
4130,nbl
4131,ssw
4132,afr
4133,ssw
4134,nso
4135,tso
4136,afr
4137,ssw
4138,eng
4139,xho
4140,zul
4141,xho
4142,ssw
4143,ssw
4144,sot
4145,nbl
4146,nbl
4147,nso
4148,xho
4149,xho
4150,afr
4151,nso
4152,ssw
4153,sot
4154,sot
4155,afr
4156,afr
4157,afr
4158,xho
4159,nbl
4160,ssw
4161,ssw
4162,nso
4163,zul
4164,tso
4165,tso
4166,ven
4167,tso
4168,ssw
4169,nso
4170,ssw
4171,tsn
4172,eng
4173,xho
4174,nbl
4175,zul
4176,ven
4177,sot
4178,tso
4179,nbl
4180,sot
4181,ven
4182,nbl
4183,tso
4184,ssw
4185,ssw
4186,sot
4187,zul
4188,nbl
4189,xho
4190,nbl
4191,nso
4192,xho
4193,xho
4194,afr
4195,zul
4196,nbl
4197,eng
4198,afr
4199,xho
4200,nbl
4201,nso
4202,nso
4203,nso
4204,xho
4205,nbl
4206,zul
4207,nso
4208,xho
4209,zul
4210,nbl
4211,ssw
4212,xho
4213,nbl
4214,ssw
4215,ssw
4216,xho
4217,tso
4218,ven
4219,xho
4220,zul
4221,nbl
4222,nbl
4223,nso
4224,xho
4225,afr
4226,xho
4227,xho
4228,zul
4229,ven
4230,xho
4231,zul
4232,ssw
4233,tso
4234,nbl
4235,zul
4236,afr
4237,sot
4238,xho
4239,nso
4240,afr
4241,nso
4242,xho
4243,zul
4244,tso
4245,ssw
4246,ven
4247,nbl
4248,eng
4249,afr
4250,xho
4251,nbl
4252,tso
4253,ssw
4254,xho
4255,ven
4256,tsn
4257,nbl
4258,sot
4259,xho
4260,ssw
4261,xho
4262,xho
4263,nso
4264,xho
4265,nbl
4266,nso
4267,afr
4268,ssw
4269,zul
4270,zul
4271,afr
4272,ssw
4273,xho
4274,ssw
4275,zul
4276,nbl
4277,ssw
4278,xho
4279,ssw
4280,xho
4281,ven
4282,sot
4283,ssw
4284,zul
4285,ssw
4286,ssw
4287,zul
4288,xho
4289,nbl
4290,zul
4291,ven
4292,xho
4293,nbl
4294,nbl
4295,xho
4296,tso
4297,xho
4298,nbl
4299,tso
4300,nbl
4301,sot
4302,nso
4303,ssw
4304,nso
4305,nso
4306,afr
4307,xho
4308,afr
4309,xho
4310,tso
4311,sot
4312,sot
4313,zul
4314,nbl
4315,afr
4316,xho
4317,ssw
4318,nbl
4319,nso
4320,eng
4321,zul
4322,zul
4323,ssw
4324,zul
4325,nbl
4326,nso
4327,xho
4328,sot
4329,ssw
4330,nso
4331,xho
4332,ven
4333,tsn
4334,xho
4335,nso
4336,eng
4337,sot
4338,ssw
4339,xho
4340,xho
4341,zul
4342,afr
4343,ssw
4344,xho
4345,tso
4346,ssw
4347,sot
4348,xho
4349,nbl
4350,afr
4351,nbl
4352,zul
4353,ssw
4354,xho
4355,xho
4356,ssw
4357,xho
4358,ven
4359,xho
4360,afr
4361,nso
4362,sot
4363,afr
4364,ssw
4365,sot
4366,afr
4367,zul
4368,nso
4369,nbl
4370,tsn
4371,xho
4372,afr
4373,tsn
4374,eng
4375,nso
4376,zul
4377,xho
4378,nso
4379,nbl
4380,ssw
4381,ssw
4382,xho
4383,nbl
4384,ven
4385,xho
4386,ssw
4387,nbl
4388,ssw
4389,ssw
4390,afr
4391,xho
4392,tsn
4393,nbl
4394,ssw
4395,zul
4396,nbl
4397,ssw
4398,eng
4399,tso
4400,afr
4401,nso
4402,xho
4403,nso
4404,xho
4405,afr
4406,nbl
4407,xho
4408,ssw
4409,zul
4410,zul
4411,afr
4412,tso
4413,ven
4414,zul
4415,nbl
4416,nso
4417,afr
4418,nbl
4419,xho
4420,xho
4421,ssw
4422,ssw
4423,sot
4424,nbl
4425,nbl
4426,eng
4427,nbl
4428,tsn
4429,ssw
4430,sot
4431,ssw
4432,sot
4433,afr
4434,ssw
4435,afr
4436,ssw
4437,nso
4438,xho
4439,ssw
4440,nbl
4441,ssw
4442,xho
4443,zul
4444,nbl
4445,nso
4446,nbl
4447,nbl
4448,ssw
4449,sot
4450,xho
4451,tso
4452,nbl
4453,zul
4454,ssw
4455,zul
4456,afr
4457,nbl
4458,zul
4459,xho
4460,xho
4461,nso
4462,afr
4463,xho
4464,tso
4465,zul
4466,ven
4467,xho
4468,ven
4469,tso
4470,ven
4471,ssw
4472,afr
4473,tso
4474,nso
4475,xho
4476,xho
4477,nbl
4478,tsn
4479,ven
4480,xho
4481,xho
4482,nbl
4483,nbl
4484,ssw
4485,ssw
4486,ssw
4487,tsn
4488,ssw
4489,sot
4490,xho
4491,nso
4492,tso
4493,ven
4494,ssw
4495,ssw
4496,ven
4497,xho
4498,afr
4499,nbl
4500,nso
4501,xho
4502,xho
4503,nbl
4504,ssw
4505,sot
4506,ven
4507,xho
4508,ssw
4509,ven
4510,nbl
4511,nbl
4512,ssw
4513,xho
4514,tsn
4515,xho
4516,ssw
4517,xho
4518,sot
4519,nbl
4520,xho
4521,tsn
4522,nso
4523,ven
4524,ven
4525,zul
4526,nbl
4527,nbl
4528,nbl
4529,ssw
4530,xho
4531,nbl
4532,ssw
4533,ssw
4534,nbl
4535,xho
4536,sot
4537,nso
4538,xho
4539,xho
4540,eng
4541,xho
4542,afr
4543,afr
4544,nbl
4545,ssw
4546,nso
4547,sot
4548,ven
4549,eng
4550,xho
4551,zul
4552,xho
4553,zul
4554,xho
4555,xho
4556,xho
4557,tso
4558,ssw
4559,ven
4560,zul
4561,xho
4562,nso
4563,eng
4564,sot
4565,ssw
4566,sot
4567,sot
4568,ssw
4569,ssw
4570,sot
4571,zul
4572,ssw
4573,afr
4574,xho
4575,ssw
4576,xho
4577,zul
4578,ssw
4579,zul
4580,nbl
4581,tso
4582,ssw
4583,nso
4584,nbl
4585,ssw
4586,xho
4587,ssw
4588,sot
4589,ssw
4590,nso
4591,sot
4592,zul
4593,tso
4594,ven
4595,ssw
4596,nbl
4597,ven
4598,eng
4599,ssw
4600,afr
4601,nso
4602,ven
4603,sot
4604,ssw
4605,xho
4606,tso
4607,ssw
4608,afr
4609,nbl
4610,tsn
4611,afr
4612,nbl
4613,tso
4614,afr
4615,nbl
4616,xho
4617,eng
4618,nbl
4619,nbl
4620,ssw
4621,nbl
4622,nbl
4623,nbl
4624,zul
4625,xho
4626,xho
4627,ssw
4628,xho
4629,tso
4630,nbl
4631,nbl
4632,ssw
4633,eng
4634,ven
4635,zul
4636,xho
4637,xho
4638,eng
4639,xho
4640,nbl
4641,xho
4642,nbl
4643,tso
4644,tso
4645,nso
4646,nso
4647,nso
4648,ssw
4649,ssw
4650,nbl
4651,zul
4652,sot
4653,ven
4654,zul
4655,nso
4656,ssw
4657,ssw
4658,ssw
4659,tso
4660,xho
4661,zul
4662,ssw
4663,nbl
4664,xho
4665,afr
4666,eng
4667,zul
4668,ssw
4669,afr
4670,xho
4671,xho
4672,nso
4673,ven
4674,nbl
4675,xho
4676,xho
4677,xho
4678,zul
4679,nbl
4680,xho
4681,ssw
4682,ssw
4683,zul
4684,ven
4685,nbl
4686,afr
4687,sot
4688,ssw
4689,nbl
4690,tso
4691,xho
4692,ssw
4693,nso
4694,ssw
4695,ven
4696,sot
4697,sot
4698,nbl
4699,zul
4700,ssw
4701,afr
4702,ssw
4703,xho
4704,zul
4705,tso
4706,xho
4707,ssw
4708,sot
4709,nbl
4710,nbl
4711,ssw
4712,ssw
4713,nso
4714,xho
4715,afr
4716,ssw
4717,zul
4718,ssw
4719,zul
4720,nbl
4721,afr
4722,nso
4723,xho
4724,nbl
4725,sot
4726,ssw
4727,zul
4728,ssw
4729,nbl
4730,xho
4731,nso
4732,xho
4733,nso
4734,eng
4735,nbl
4736,ssw
4737,tso
4738,ssw
4739,ssw
4740,tso
4741,nso
4742,xho
4743,nbl
4744,xho
4745,ssw
4746,ssw
4747,nbl
4748,nso
4749,xho
4750,xho
4751,afr
4752,zul
4753,sot
4754,ssw
4755,nso
4756,xho
4757,nbl
4758,ssw
4759,ssw
4760,sot
4761,nbl
4762,tsn
4763,zul
4764,ssw
4765,ssw
4766,nso
4767,sot
4768,ssw
4769,sot
4770,ven
4771,ssw
4772,xho
4773,sot
4774,xho
4775,eng
4776,tsn
4777,nso
4778,sot
4779,nbl
4780,nbl
4781,nso
4782,ssw
4783,ssw
4784,xho
4785,afr
4786,tso
4787,nbl
4788,ven
4789,ssw
4790,xho
4791,zul
4792,afr
4793,nbl
4794,xho
4795,nso
4796,xho
4797,ven
4798,tso
4799,nso
4800,xho
4801,ssw
4802,nso
4803,nbl
4804,eng
4805,xho
4806,eng
4807,ven
4808,nbl
4809,ssw
4810,afr
4811,xho
4812,xho
4813,nbl
4814,zul
4815,nso
4816,tso
4817,ssw
4818,tso
4819,ssw
4820,xho
4821,nbl
4822,nso
4823,ssw
4824,sot
4825,nbl
4826,afr
4827,xho
4828,xho
4829,nso
4830,ssw
4831,sot
4832,xho
4833,zul
4834,ssw
4835,sot
4836,zul
4837,zul
4838,ssw
4839,nbl
4840,xho
4841,ssw
4842,nbl
4843,zul
4844,xho
4845,xho
4846,xho
4847,tso
4848,afr
4849,tso
4850,xho
4851,zul
4852,zul
4853,nbl
4854,nbl
4855,nso
4856,xho
4857,nbl
4858,xho
4859,ven
4860,ssw
4861,afr
4862,afr
4863,ssw
4864,nso
4865,sot
4866,xho
4867,nbl
4868,ssw
4869,xho
4870,ssw
4871,nbl
4872,sot
4873,ven
4874,xho
4875,xho
4876,zul
4877,xho
4878,ssw
4879,ssw
4880,nbl
4881,ssw
4882,afr
4883,ssw
4884,nbl
4885,sot
4886,tso
4887,xho
4888,nso
4889,xho
4890,ssw
4891,zul
4892,eng
4893,nbl
4894,zul
4895,zul
4896,afr
4897,nbl
4898,xho
4899,nso
4900,tso
4901,eng
4902,xho
4903,xho
4904,afr
4905,nbl
4906,ssw
4907,zul
4908,sot
4909,nbl
4910,nbl
4911,sot
4912,sot
4913,xho
4914,nso
4915,ssw
4916,ssw
4917,zul
4918,nso
4919,nbl
4920,nso
4921,zul
4922,nbl
4923,tso
4924,tso
4925,afr
4926,afr
4927,ven
4928,ssw
4929,xho
4930,ssw
4931,nbl
4932,zul
4933,xho
4934,nbl
4935,xho
4936,eng
4937,ssw
4938,ssw
4939,nbl
4940,nso
4941,ven
4942,nso
4943,ssw
4944,eng
4945,xho
4946,ssw
4947,ssw
4948,nbl
4949,afr
4950,xho
4951,eng
4952,afr
4953,nso
4954,nbl
4955,xho
4956,tso
4957,nso
4958,ssw
4959,xho
4960,eng
4961,nso
4962,ssw
4963,nso
4964,afr
4965,sot
4966,ssw
4967,nbl
4968,zul
4969,sot
4970,nso
4971,nso
4972,nso
4973,ssw
4974,eng
4975,afr
4976,ssw
4977,tso
4978,ssw
4979,nbl
4980,xho
4981,nbl
4982,xho
4983,tso
4984,xho
4985,ssw
4986,nbl
4987,xho
4988,ssw
4989,ven
4990,afr
4991,nso
4992,nbl
4993,xho
4994,nbl
4995,xho
4996,zul
4997,nbl
4998,nbl
4999,afr
5000,eng
5001,nbl
5002,ven
5003,nbl
5004,sot
5005,zul
5006,sot
5007,ssw
5008,ssw
5009,zul
5010,ssw
5011,xho
5012,sot
5013,ven
5014,nso
5015,zul
5016,sot
5017,nbl
5018,ssw
5019,xho
5020,nso
5021,xho
5022,zul
5023,nbl
5024,nbl
5025,nbl
5026,zul
5027,tsn
5028,xho
5029,xho
5030,sot
5031,ven
5032,sot
5033,xho
5034,afr
5035,zul
5036,zul
5037,xho
5038,eng
5039,ssw
5040,ssw
5041,ssw
5042,afr
5043,sot
5044,xho
5045,nso
5046,ssw
5047,ssw
5048,xho
5049,ssw
5050,sot
5051,nbl
5052,sot
5053,sot
5054,tso
5055,zul
5056,zul
5057,afr
5058,nbl
5059,zul
5060,nbl
5061,sot
5062,zul
5063,nbl
5064,zul
5065,nbl
5066,ven
5067,sot
5068,ssw
5069,tsn
5070,nbl
5071,afr
5072,zul
5073,ven
5074,ssw
5075,nso
5076,afr
5077,eng
5078,afr
5079,ven
5080,xho
5081,zul
5082,xho
5083,xho
5084,ven
5085,tso
5086,ssw
5087,sot
5088,xho
5089,nbl
5090,xho
5091,ssw
5092,afr
5093,zul
5094,sot
5095,afr
5096,eng
5097,nbl
5098,ssw
5099,afr
5100,ssw
5101,xho
5102,ssw
5103,xho
5104,zul
5105,ssw
5106,sot
5107,tsn
5108,ssw
5109,xho
5110,nbl
5111,nbl
5112,nso
5113,sot
5114,afr
5115,nbl
5116,sot
5117,nbl
5118,nso
5119,afr
5120,sot
5121,ssw
5122,ssw
5123,sot
5124,tsn
5125,afr
5126,afr
5127,zul
5128,ssw
5129,xho
5130,nbl
5131,xho
5132,nbl
5133,ssw
5134,xho
5135,nbl
5136,xho
5137,ssw
5138,zul
5139,xho
5140,tso
5141,nbl
5142,ssw
5143,eng
5144,zul
5145,tso
5146,ssw
5147,nso
5148,ssw
5149,xho
5150,ssw
5151,ssw
5152,xho
5153,nso
5154,zul
5155,zul
5156,nbl
5157,sot
5158,ssw
5159,eng
5160,ssw
5161,nso
5162,xho
5163,sot
5164,ssw
5165,ssw
5166,nso
5167,ssw
5168,ssw
5169,nso
5170,nbl
5171,nso
5172,nbl
5173,zul
5174,zul
5175,xho
5176,tso
5177,sot
5178,xho
5179,xho
5180,nbl
5181,tso
5182,afr
5183,afr
5184,sot
5185,sot
5186,nbl
5187,sot
5188,nbl
5189,nbl
5190,nbl
5191,xho
5192,ssw
5193,ssw
5194,ssw
5195,nbl
5196,ven
5197,nbl
5198,ssw
5199,sot
5200,ssw
5201,nbl
5202,nso
5203,ssw
5204,afr
5205,afr
5206,afr
5207,xho
5208,nbl
5209,tso
5210,ven
5211,nbl
5212,tso
5213,ssw
5214,xho
5215,nso
5216,nbl
5217,afr
5218,ssw
5219,ven
5220,ssw
5221,xho
5222,xho
5223,ssw
5224,tso
5225,xho
5226,afr
5227,nso
5228,nso
5229,ssw
5230,afr
5231,tso
5232,sot
5233,sot
5234,tso
5235,nso
5236,ssw
5237,ssw
5238,ssw
5239,tsn
5240,xho
5241,nso
5242,ven
5243,xho
5244,ssw
5245,ssw
5246,nso
5247,xho
5248,nso
5249,nbl
5250,ssw
5251,ssw
5252,zul
5253,xho
5254,xho
5255,ssw
5256,nbl
5257,sot
5258,ssw
5259,zul
5260,nso
5261,afr
5262,ssw
5263,xho
5264,tso
5265,tsn
5266,ssw
5267,ssw
5268,ven
5269,zul
5270,zul
5271,sot
5272,eng
5273,xho
5274,ssw
5275,ssw
5276,xho
5277,afr
5278,ven
5279,sot
5280,ssw
5281,xho
5282,zul
5283,nbl
5284,nso
5285,nbl
5286,sot
5287,ssw
5288,ssw
5289,tso
5290,xho
5291,ssw
5292,sot
5293,ssw
5294,ven
5295,xho
5296,xho
5297,tso
5298,nso
5299,afr
5300,ssw
5301,xho
5302,ssw
5303,ssw
5304,xho
5305,xho
5306,ssw
5307,afr
5308,nso
5309,nso
5310,sot
5311,nbl
5312,ssw
5313,xho
5314,nbl
5315,zul
5316,xho
5317,xho
5318,sot
5319,sot
5320,ssw
5321,xho
5322,eng
5323,xho
5324,ssw
5325,ven
5326,zul
5327,afr
5328,nbl
5329,xho
5330,xho
5331,nbl
5332,ssw
5333,xho
5334,nbl
5335,sot
5336,nso
5337,afr
5338,nbl
5339,xho
5340,ssw
5341,zul
5342,xho
5343,ssw
5344,sot
5345,zul
5346,xho
5347,xho
5348,xho
5349,ven
5350,ssw
5351,ssw
5352,sot
5353,sot
5354,ssw
5355,nso
5356,zul
5357,nbl
5358,zul
5359,xho
5360,ssw
5361,nso
5362,nbl
5363,zul
5364,nso
5365,nbl
5366,sot
5367,zul
5368,ven
5369,nso
5370,afr
5371,ssw
5372,xho
5373,nbl
5374,ven
5375,nbl
5376,tsn
5377,ssw
5378,tso
5379,eng
5380,nbl
5381,zul
5382,zul
5383,xho
5384,ven
5385,nbl
5386,xho
5387,nbl
5388,xho
5389,ssw
5390,ssw
5391,tso
5392,sot
5393,sot
5394,xho
5395,sot
5396,ssw
5397,xho
5398,xho
5399,zul
5400,sot
5401,ssw
5402,sot
5403,nso
5404,nbl
5405,ssw
5406,nbl
5407,xho
5408,ssw
5409,xho
5410,xho
5411,nbl
5412,ssw
5413,ven
5414,xho
5415,ven
5416,xho
5417,nbl
5418,ssw
5419,afr
5420,zul
5421,nso
5422,nbl
5423,xho
5424,xho
5425,sot
5426,afr
5427,nbl
5428,zul
5429,nbl
5430,nso
5431,ssw
5432,nbl
5433,ssw
5434,zul
5435,xho
5436,xho
5437,eng
5438,xho
5439,xho
5440,zul
5441,sot
5442,ven
5443,ssw
5444,ssw
5445,sot
5446,xho
5447,ssw
5448,sot
5449,xho
5450,xho
5451,nbl
5452,ssw
5453,zul
5454,tsn
5455,ssw
5456,afr
5457,nbl
5458,ven
5459,xho
5460,ssw
5461,zul
5462,ven
5463,nso
5464,xho
5465,tso
5466,xho
5467,nso
5468,ssw
5469,ven
5470,sot
5471,xho
5472,ven
5473,ssw
5474,nso
5475,xho
5476,zul
5477,xho
5478,nbl
5479,tso
5480,nso
5481,xho
5482,xho
5483,sot
5484,xho
5485,ssw
5486,zul
5487,ssw
5488,ssw
5489,ssw
5490,nbl
5491,nbl
5492,sot
5493,xho
5494,nbl
5495,nso
5496,ven
5497,xho
5498,ssw
5499,tso
5500,ssw
5501,sot
5502,sot
5503,tsn
5504,eng
5505,xho
5506,zul
5507,xho
5508,nso
5509,afr
5510,sot
5511,xho
5512,eng
5513,nbl
5514,nbl
5515,zul
5516,ssw
5517,tsn
5518,ssw
5519,xho
5520,ven
5521,xho
5522,zul
5523,ssw
5524,xho
5525,nbl
5526,ven
5527,nso
5528,nbl
5529,sot
5530,xho
5531,sot
5532,nbl
5533,xho
5534,nbl
5535,xho
5536,zul
5537,ssw
5538,sot
5539,tso
5540,nbl
5541,ven
5542,afr
5543,nbl
5544,zul
5545,zul
5546,ven
5547,sot
5548,nbl
5549,zul
5550,afr
5551,nso
5552,nbl
5553,xho
5554,nbl
5555,ven
5556,ssw
5557,tsn
5558,sot
5559,nbl
5560,sot
5561,nbl
5562,nbl
5563,xho
5564,nbl
5565,afr
5566,nso
5567,nso
5568,tso
5569,xho
5570,ssw
5571,tso
5572,ven
5573,ven
5574,sot
5575,zul
5576,xho
5577,tso
5578,xho
5579,ven
5580,sot
5581,ssw
5582,xho
5583,ssw
5584,nbl
5585,xho
5586,sot
5587,nbl
5588,ssw
5589,ssw
5590,tso
5591,nbl
5592,nso
5593,nbl
5594,xho
5595,ssw
5596,afr
5597,zul
5598,nbl
5599,nso
5600,nbl
5601,xho
5602,nbl
5603,tso
5604,sot
5605,ven
5606,zul
5607,ssw
5608,sot
5609,xho
5610,nso
5611,afr
5612,ssw
5613,afr
5614,nso
5615,zul
5616,nbl
5617,nbl
5618,tso
5619,ven
5620,afr
5621,xho
5622,ssw
5623,ssw
5624,ssw
5625,nbl
5626,xho
5627,nbl
5628,ssw
5629,afr
5630,ssw
5631,sot
5632,ssw
5633,nso
5634,zul
5635,tso
5636,xho
5637,xho
5638,ssw
5639,zul
5640,ssw
5641,xho
5642,nso
5643,xho
5644,nbl
5645,nbl
5646,tso
5647,tsn
5648,xho
5649,nso
5650,zul
5651,nbl
5652,xho
5653,nbl
5654,sot
5655,zul
5656,nbl
5657,zul
5658,nbl
5659,nbl
5660,nbl
5661,ssw
5662,zul
5663,xho
5664,afr
5665,ven
5666,afr
5667,xho
5668,xho
5669,nbl
5670,nbl
5671,ssw
5672,sot
5673,afr
5674,ven
5675,nbl
5676,ven
5677,tsn
5678,xho
5679,nso
5680,sot
5681,sot
5682,ssw
